LN46_0.75_3_0.5mL_s_0.5mL_Ti_0h,Unnamed: 9
Wavelength (nm),Abs
800.0109253,0.006878660992
799.007019,0.007187997922
798.0026855,0.007326900028
796.9979248,0.00717489142
795.9926758,0.00620812783
794.9871826,0.00739777647
794.0158691,0.006784520112
793.0095215,0.006352101918
792.0026855,0.006430464331
790.9956055,0.0068605938
789.9880371,0.006862014066
789.0148926,0.006195261143
788.0064697,0.006799192168
786.9977417,0.00641041901
785.9886475,0.006480121519
785.013855,0.006457157433
784.0039063,0.006670789327
782.9935913,0.007297230884
781.9829102,0.005621145014
781.0066528,0.006651758216
779.9951782,0.00622067973
778.9832153,0.006399490871
778.0058594,0.005827202927
776.9931641,0.00615556119
776.0150757,0.005376787391
775.0015869,0.005616870243
773.987793,0.00576550141
773.0085449,0.005992545281
771.9938965,0.004886258859
771.013916,0.005252288654
769.9984741,0.005797794089
768.9827881,0.005115358159
768.0015869,0.005021310411
766.9850464,0.005598698277
766.0032959,0.005299846176
764.9859619,0.004862803034
764.0033569,0.006004119758
762.9852905,0.005397754256
762.0020142,0.00527007971
760.9831543,0.005661845207
759.9991455,0.005256847944
759.0147095,0.005436730105
757.994812,0.005284936167
757.0096436,0.00482016243
755.9889526,0.00558723975
755.0030518,0.005318791606
754.0168457,0.005093199667
752.9949951,0.005225119181
752.0080566,0.005170366261
750.9854736,0.005156875588
749.9978027,0.005584407598
749.0097046,0.0050975997
747.986084,0.00474318862
746.9972534,0.004505680408
746.0082397,0.004642915912
744.9833984,0.004757923074
743.9935913,0.005117610563
743.003418,0.005485015456
742.0129395,0.005116431974
740.9866333,0.005055878777
739.9954224,0.005270446185
739.0037842,0.004692395218
738.0119019,0.005045350641
736.9841919,0.004900369328
735.9914551,0.00479657948
734.9985352,0.005086311139
734.005188,0.005126804579
733.0115356,0.005458538886
732.0174561,0.005379696377
730.9875488,0.005995615851
729.9928589,0.005626205821
728.9976807,0.005699637812
728.0023193,0.005825917702
727.0065308,0.005887942854
726.010437,0.006324915681
725.0139771,0.005665962584
724.0171509,0.006259493064
722.984436,0.006167376414
721.9869385,0.006454792805
720.9890747,0.006228899118
719.9909058,0.0066599329
718.9923096,0.006212828215
717.9935913,0.006015432067
716.9943848,0.006380050909
715.994812,0.006280712783
714.9949341,0.006665084977
713.994751,0.006608310156
712.9941406,0.00644170912
711.9932861,0.006900358479
710.9921265,0.006813943852
709.9904785,0.007069477811
708.9885864,0.006613829639
707.9863892,0.006521401461
706.9838257,0.007082738448
706.0167236,0.006840608083
705.0135498,0.006804713979
704.0099487,0.007070319727
703.0061035,0.006965404842
702.0018311,0.007525051013
700.9973755,0.006709116977
699.9924927,0.006811971311
698.9872437,0.007269117516
698.0175781,0.007094210479
697.0117798,0.007136549335
696.0056152,0.00640319474
694.9990845,0.006686929613
693.9921875,0.007249744143
692.9850464,0.00620841654
692.0135498,0.006757675204
691.0057373,0.007198682986
689.9975586,0.006261226255
688.9891357,0.006777368486
688.0162964,0.006970244925
687.0072021,0.006557508372
685.9978027,0.006656437181
684.9880371,0.00693470845
684.0139771,0.00634390628
683.0036621,0.006325572729
681.9929199,0.006643136498
681.0179443,0.00697979331
680.0065918,0.006822542287
678.9949951,0.006601108704
677.9829712,0.006928790361
677.0068359,0.006694973446
675.9942017,0.006808842532
675.0174561,0.006842711475
674.0042725,0.006229476538
672.9906006,0.006881975103
672.0130005,0.006464146543
670.9987793,0.00692810677
669.984314,0.006877188571
669.0056763,0.006819886621
667.9906006,0.006747184787
667.0114136,0.006799560506
665.9956665,0.006487925071
665.0159302,0.006486795377
663.9995728,0.006503165234
662.9829102,0.006363055203
662.0021362,0.006604525726
660.9849243,0.006416435353
660.0036621,0.006590175442
658.9857788,0.006629127078
658.0039063,0.006702202838
656.9853516,0.00653312169
656.0029297,0.006668765098
654.9838257,0.007015727926
654.0007935,0.006231236272
653.0174561,0.007196419407
651.9974365,0.00663367426
651.0135498,0.006962274667
649.992981,0.006546444725
649.0084229,0.006332033779
647.9871826,0.006548731122
647.0021362,0.006891626865
646.0167847,0.006804398727
644.9946899,0.006757833064
644.008728,0.006756518502
642.9860229,0.006671840791
641.9995117,0.006955408957
641.0126953,0.006842869334
639.9891357,0.00639271317
639.00177,0.006548415869
638.0141602,0.00627089059
636.989624,0.006704963278
636.0014038,0.006556772627
635.0129395,0.00669946894
633.9875488,0.006919032428
632.9985352,0.00659884885
632.0092163,0.006463620812
630.9829102,0.006552410312
629.993042,0.006476048846
629.0028687,0.006871823687
628.0123901,0.0070678466
626.9849854,0.006718475837
625.9939575,0.00684697181
625.0026855,0.006367232185
624.0111084,0.00653204415
622.9824829,0.007009993307
621.9904175,0.006535144988
620.9980469,0.006762434263
620.0054321,0.006539112888
619.0124512,0.006635330152
617.9824829,0.006289458368
616.9890137,0.00662526302
615.9951782,0.006765694357
615.0012207,0.006455003284
614.006897,0.006547732744
613.0122681,0.006479438394
612.0174561,0.006307213102
610.9855347,0.006513754837
609.9900513,0.006602791138
608.9944458,0.006327332463
607.9985352,0.006765483879
607.0023193,0.00628055539
606.0059204,0.006152174436
605.0091553,0.006316169631
604.012146,0.006626183167
603.0148926,0.006141278427
602.017395,0.006089743692
600.982605,0.006451745052
599.9846191,0.006449065171
598.9862671,0.006348214112
597.9876709,0.006472475361
596.9888306,0.006817519665
595.9896851,0.006353047211
594.9903564,0.007123813033
593.9907227,0.006507080514
592.9908447,0.006678280886
591.9907227,0.006516776979
590.9902954,0.006643215194
589.989563,0.006871507969
588.9886475,0.006955356337
587.9874878,0.006773345638
586.9860229,0.006720789243
585.984314,0.006934577134
584.9823608,0.006570753641
584.0172119,0.006293319166
583.0147705,0.006581449881
582.0120239,0.006826618221
581.0090332,0.006517827976
580.0058594,0.006856859662
579.0023804,0.006616799626
577.9985962,0.006673338823
576.9945679,0.006529915612
575.9902954,0.007001180202
574.9858398,0.006749235559
574.0183105,0.006900174543
573.0132446,0.006733723916
572.0079956,0.007183049805
571.0025024,0.006615012418
569.9967041,0.006791041233
568.9907837,0.006850627251
567.984436,0.006725389976
567.0153198,0.006501431111
566.0084839,0.00682756491
565.0015259,0.006819229107
563.9942627,0.007102920208
562.9868164,0.00673443405
562.0163574,0.006473868154
561.0084229,0.006977768149
560.0001221,0.006817835383
558.9916992,0.006963168737
557.9829712,0.006932683289
557.0114136,0.006932683289
556.0021973,0.006811156403
554.9927368,0.006970981136
553.9830933,0.006668397225
553.0105591,0.007084317505
552.0003052,0.007219870109
550.9899902,0.006774502341
550.0167847,0.006433748174
549.0058594,0.0065603205
547.9946899,0.006749025546
546.9833984,0.007112156134
546.0092773,0.007209999952
544.9974365,0.006913430057
543.9854126,0.006656226702
543.0105591,0.006672865711
541.9979858,0.006968771573
540.9851685,0.007154180668
540.0097046,0.007560135331
538.99646,0.007040352561
537.9830322,0.006930368487
537.0067749,0.006809473503
535.9928589,0.007045825012
535.0162964,0.006517118309
534.0018921,0.006747473963
532.9871826,0.007497949991
532.0099487,0.007453469094
530.994812,0.00662762858
530.0170898,0.00654429011
529.0015259,0.007576071657
527.9857178,0.007521600928
527.0073242,0.007279356942
525.9910278,0.007411731873
525.012207,0.007104683202
523.9955444,0.007607682608
523.0162354,0.007163733244
521.9991455,0.007231424563
520.9817505,0.007213974372
520.0018311,0.007356228307
518.9839478,0.007356781512
518.0036011,0.007265432272
516.9853516,0.007744558156
516.0045776,0.007418894209
514.9859009,0.007300863974
514.0046387,0.007122233976
512.9855347,0.007280120626
512.0039063,0.007453758735
510.9842224,0.007277777418
510.0021667,0.007768064737
508.9820862,0.007860336453
507.9996338,0.00752320746
507.0169678,0.007680870593
505.9962463,0.007576993667
505.0131531,0.007766114548
503.9919739,0.007759183645
503.0084534,0.007498871535
501.9868469,0.007640376221
501.0029297,0.007818349637
500.0187683,0.007423265371
498.996582,0.00778825162
498.0119934,0.007945114747
496.9893188,0.008200392127
496.004364,0.008125771768
494.9812927,0.007888409309
493.9958801,0.008056938648
493.0102844,0.007707113866
491.9866028,0.008052191697
491.0006104,0.007980100811
490.0144043,0.008024608716
488.9900208,0.007419499569
488.0034485,0.0081803184
487.0166626,0.008714012802
485.9916382,0.008158477023
485.004425,0.007479541004
484.0170288,0.008373924531
482.9914246,0.009135492146
482.0036316,0.00867899321
481.015625,0.00856996607
479.9894104,0.008596236818
479.0010071,0.008384163491
478.0123596,0.009067953564
476.9855347,0.008472316898
475.9965515,0.009170997888
475.0073242,0.008383556269
474.0179443,0.008915307932
472.9902954,0.008828437887
472.0005493,0.008980074897
471.0105896,0.0090601556
469.9822998,0.009072420187
468.9919739,0.009317834862
468.0014343,0.009109717794
467.0107117,0.00938824378
465.9815674,0.009793142788
464.990448,0.009144877084
463.9990845,0.008931347169
463.0075989,0.009457075968
462.0158997,0.009626823477
460.9858704,0.009194343351
459.9938049,0.00937607605
459.0015259,0.01015859004
458.0090637,0.009983734228
457.0163879,0.01021784544
455.9854126,0.009801429696
454.9923706,0.01009176578
453.999176,0.01030711364
453.0057983,0.009875835851
452.0121765,0.01033582259
451.0184326,0.01031641755
449.9862671,0.01024564635
448.9920959,0.01007496845
447.9977417,0.01075245906
447.0032959,0.01036564633
446.008606,0.0103584351
445.0137329,0.01092701312
444.0186462,0.01094652526
442.985199,0.01086322963
441.9897461,0.01088759489
440.9941711,0.0111504253
439.9983826,0.0109574357
439.0024414,0.01111263316
438.0062866,0.01089866366
437.0099182,0.01145447511
436.0134277,0.01080080774
435.0168152,0.01153046731
433.9815674,0.01157443691
432.9845581,0.01153062657
431.9873657,0.01174948271
430.9900208,0.0113656614
429.9924316,0.01186447125
428.9946899,0.01229320187
427.9967957,0.01234950032
426.9986877,0.01227946207
426.0004272,0.01251100376
425.0020142,0.01239893306
424.003418,0.01214804407
423.0046082,0.01278417557
422.0056763,0.01297291089
421.0065918,0.01302492246
420.0072632,0.01292610634
419.007782,0.01318029966
418.0081177,0.01348660234
417.0083923,0.01393762697
416.0083923,0.01413253415
415.0082397,0.01379100978
414.0079041,0.01431768294
413.0074158,0.01470626518
412.0067749,0.01567164995
411.0059509,0.01588886976
410.0049133,0.0158341527
409.0038147,0.0168489255
408.0025024,0.01764260605
407.0009766,0.0179488901
405.9993286,0.01932322793
404.9975586,0.02006939426
403.9955139,0.02109627053
402.9933777,0.02273362316
401.9910889,0.02425217256
400.9886169,0.02653177083
399.9859619,0.02856303565
398.9831543,0.03109041788
398.0187683,0.03412111849
397.015625,0.0373856239
396.0123596,0.04144230485
395.0088806,0.04634113237
394.0052795,0.05233947933
393.0015259,0.05928212404
391.9975891,0.06689028442
390.9935303,0.07665038109
389.9892578,0.08749707043
388.9848633,0.100475736
388.0189209,0.1138727143
387.0142212,0.1301484704
386.0093384,0.1486691833
385.0043335,0.171382457
383.999115,0.1969051212
382.9937744,0.2232191861
381.9882507,0.2563958764
380.9826355,0.2951318324
380.0155029,0.3369397223
379.0095215,0.387034744
378.0034485,0.4442034662
376.9971313,0.5047088861
375.9907227,0.5676913857
374.9841614,0.6464591026
374.0161438,0.7307988405
373.0092468,0.820679903
372.0022278,0.928566277
370.9950562,1.031119943
369.9877319,1.162344694
369.0190125,1.29901123
368.0113831,1.44607079
367.0036011,1.617787242
365.9956665,1.788788319
364.9876099,1.984225631
364.018158,2.179154634
363.0097656,2.396011591
362.0012512,2.621588945
360.9926147,2.773685932
359.9837952,2.98984766
359.0136108,3.277895927
358.0045471,3.231026888
356.9953003,3.433481693
355.9859009,3.888809443
355.0152283,3.539704561
354.0055542,3.752186775
352.995697,4.04393816
351.9857788,3.626486063
351.0144958,3.992554665
350.0042419,10
348.993866,3.507689953
347.9833374,4.087380886
347.0115356,10
346.0007629,3.441618919
344.9898071,4.066476345
344.0175781,3.571313858
343.0063782,3.591318846
341.9950256,10
340.9835205,3.784488201
340.0107727,3.769353628
338.9990234,3.751067877
337.9871216,3.487961292
337.0139771,3.492320538
336.0018005,3.672148705
334.9894714,3.975651979
334.0159607,3.576623678
333.0033875,3.556720495
331.9906616,3.593430042
331.0167542,3.410077333
330.0037842,3.514641523
328.9906311,10
328.0163574,10
327.0029602,3.700555801
325.9894714,3.923535585
325.014801,3.840441942
324.0010376,3.599393368
322.9871216,3.706031799
322.0121155,3.997590303
320.9979248,3.535951853
319.9836121,10
319.0082092,4.089042187
317.9936523,4.358232975
317.0180054,3.887746572
316.0032043,3.780004263
314.9882507,3.598168373
314.0122375,10
312.9970093,3.666802406
311.98172,3.936831951
311.0053406,3.612925768
309.9897461,3.758808374
309.0131226,3.886092663
307.997345,3.526025772
306.9813843,3.581254244
306.004364,3.676461935
304.9881897,4.066152096
304.0110168,3.809488535
302.9945679,3.653088093
302.0171204,3.889852047
301.0004883,4.080898285
299.9836426,10
299.0058594,4.003751278
297.9888306,3.899034977
297.0107727,3.996381521
295.9935303,3.862320662
295.0152588,4.082332134
293.9977722,4.153467655
293.0192566,4.437903404
292.0015259,3.936647415
290.9836426,3.920289755
290.0048523,3.734564543
288.9867554,3.735949755
288.0076904,10
286.9893799,4.045994282
286.0101013,3.673971415
284.9915771,4.01605463
284.012085,4.084867001
282.9932861,4.282214642
282.0135803,3.958106995
280.9945679,3.695926428
280.0146484,3.649499178
278.9954224,3.534270048
278.0153198,4.503354073
276.9958496,3.641214848
276.0154724,3.95063591
274.9958191,3.673078775
274.0152588,3.752487898
272.9953613,3.777482033
272.0145569,3.970811367
270.9944763,3.557960033
270.0134888,4.437094212
268.9931641,3.869971275
268.0119629,3.693972826
266.9914551,3.937388182
266.0100403,3.657436371
264.9892883,3.792387247
264.0076599,3.928350925
262.9866943,4.835281849
262.0048828,10
260.9837341,3.713990688
260.001709,3.634893179
259.0196533,3.718545675
257.9981384,4.084444046
257.0158386,3.765340805
255.9941406,3.837006807
255.011673,3.738348722
253.9897461,10
253.0070496,3.765912294
251.9849548,3.823566437
251.0020752,4.444684982
250.0190887,3.902308464
248.9966736,3.717668295
248.0135193,3.701943398
246.9909363,3.679613113
246.0075531,3.789150715
244.9847412,3.767670393
244.0011902,3.910365582
243.0175476,3.799013376
241.9944458,3.793058395
241.0106201,3.94943738
239.9873657,3.72994113
239.0033417,3.932570457
238.0192261,4.220963001
236.9956665,3.928912163
236.0113678,3.8201437
234.9876099,3.769205809
234.0031586,3.853963614
233.0186005,3.842013836
231.9945526,3.936435938
231.0098114,4.019042015
229.9855957,3.664727211
229.0006714,3.677078247
228.0157013,3.545966625
226.9911957,3.569446802
226.0059967,3.573110819
224.9813385,3.522432089
223.9959869,3.638084412
223.0105438,3.564547777
221.9855957,3.625487089
221,3.56968379
220.0142975,3.626881838
218.9891205,3.812030315
218.0032501,3.448503017
217.0173187,3.684665442
215.9918518,3.616654634
215.0057373,3.565269709
214.0195618,3.446278334
212.9938354,3.853785992
212.0074921,3.369560719
210.9815826,3.401171923
209.9950714,3.356452942
209.0084534,3.417898178
207.9823303,4.306453228
206.995575,4.105509281
206.0087585,3.519281387
204.9823456,3.437524319
203.9953613,3.400877476
203.0082855,3.369372129
201.9816742,3.382656097
200.9944458,3.493780851
200.0071564,3.459420443

LN46_0.75_3_0.5mL_s_0.5mL_Ti_0h,
LN46_0.75_3_0.5mL_s_0.5mL_Ti_0h
Collection Time: 2/1/2024 10:03:31 AM
Operator Name  :
Scan Version 5.0.0.999
Parameter List :
Instrument  Cary 60
Instrument Version  2.00
Start (nm)  800.0
Stop (nm)  200.0
X Mode  Nanometers
Y Mode  Abs
UV-Vis Scan Rate (nm/min)  600.00
UV-Vis Data Interval (nm)  1.00
UV-Vis Ave. Time (sec)  0.1000
Beam Mode  Dual Beam
Baseline Correction  On
Baseline Type  Baseline correction
Baseline File Name
Baseline Std Ref File Name
Cycle Mode  Off
Method Log     :
Method Name    :
Date/Time stamp: 2/1/2024 9:15:53 AM
Method Modifications:
UVVIS SAT Changed: 2/1/2024 9:53:59 AM, Old:0.0125, New:0.1000
Common SAT Changed: 2/1/2024 9:53:59 AM, Old:0.0125, New:0.1000
Common Interval nm Changed: 2/1/2024 9:54:01 AM, Old:     5.00, New:     1.00
Baseline Correction Changed: 2/1/2024 9:54:01 AM, Old:0, New:1
End Method Modifications
<Current Wavelength> , 209.0

LN46_0.75_4_0.5mL_s_0.5mL_Ti_0h,
LN46_0.75_4_0.5mL_s_0.5mL_Ti_0h
Collection Time: 2/1/2024 10:06:16 AM
Operator Name  :
Scan Version 5.0.0.999
Parameter List :
Instrument  Cary 60
Instrument Version  2.00
Start (nm)  800.0
Stop (nm)  200.0
X Mode  Nanometers
Y Mode  Abs
UV-Vis Scan Rate (nm/min)  600.00
UV-Vis Data Interval (nm)  1.00
UV-Vis Ave. Time (sec)  0.1000
Beam Mode  Dual Beam
Baseline Correction  On
Baseline Type  Baseline correction
Baseline File Name
Baseline Std Ref File Name
Cycle Mode  Off
Method Log     :
Method Name    :
Date/Time stamp: 2/1/2024 9:15:53 AM
Method Modifications:
UVVIS SAT Changed: 2/1/2024 9:53:59 AM, Old:0.0125, New:0.1000
Common SAT Changed: 2/1/2024 9:53:59 AM, Old:0.0125, New:0.1000
Common Interval nm Changed: 2/1/2024 9:54:01 AM, Old:     5.00, New:     1.00
Baseline Correction Changed: 2/1/2024 9:54:01 AM, Old:0, New:1
End Method Modifications
<Current Wavelength> , 206.0

